Date,Close
03/01/2012,29.26
04/01/2012,30.01
05/01/2012,31.1
06/01/2012,30.88
09/01/2012,31.71
10/01/2012,32.16
11/01/2012,30.77
12/01/2012,30.87
13/01/2012,30.64
17/01/2012,30.56
18/01/2012,31.45
19/01/2012,31.71
20/01/2012,31.73
23/01/2012,31.15
24/01/2012,30.97
25/01/2012,31.41
26/01/2012,31
27/01/2012,31.14
30/01/2012,30.9
31/01/2012,31.06
01/02/2012,33.36
02/02/2012,33.98
03/02/2012,34.35
06/02/2012,32.91
07/02/2012,32.85
08/02/2012,32.4
09/02/2012,32.04
10/02/2012,32.23
13/02/2012,33.25
14/02/2012,32.27
15/02/2012,31.86
16/02/2012,32.65
17/02/2012,32.32
21/02/2012,32.05
22/02/2012,30.53
23/02/2012,33.46
24/02/2012,33.07
27/02/2012,33.45
28/02/2012,33.4
29/02/2012,33.12
01/03/2012,33.83
02/03/2012,34.3
05/03/2012,34.59
06/03/2012,34.8
07/03/2012,34.97
08/03/2012,35.72
09/03/2012,35.86
12/03/2012,35.9
13/03/2012,36.95
14/03/2012,35.65
15/03/2012,35.2
16/03/2012,35.94
19/03/2012,36.5
20/03/2012,36.41
21/03/2012,34.92
22/03/2012,36.32
23/03/2012,37.06
26/03/2012,37.53
27/03/2012,37.43
28/03/2012,37.79
29/03/2012,37.5
30/03/2012,37.29
02/04/2012,37.65
03/04/2012,37.55
04/04/2012,36.98
05/04/2012,37.45
09/04/2012,36.62
10/04/2012,36.21
11/04/2012,36.39
12/04/2012,35.93
13/04/2012,35.71
16/04/2012,36.77
17/04/2012,36.45
18/04/2012,36.12
19/04/2012,36.47
20/04/2012,36.41
23/04/2012,35.75
24/04/2012,36.05
25/04/2012,35.39
26/04/2012,35.02
27/04/2012,34.75
30/04/2012,34.31
01/05/2012,34.44
02/05/2012,33.69
03/05/2012,33.57
04/05/2012,33.12
07/05/2012,32.8
08/05/2012,32.43
09/05/2012,32.15
10/05/2012,32.09
11/05/2012,32.08
14/05/2012,31.49
15/05/2012,32.39
16/05/2012,32.25
17/05/2012,32
18/05/2012,31.99
21/05/2012,32.11
22/05/2012,31.87
23/05/2012,32.36
24/05/2012,31.83
25/05/2012,32.27
29/05/2012,32.44
30/05/2012,32.33
31/05/2012,32.29
01/06/2012,30.64
04/06/2012,30.32
05/06/2012,30.36
06/06/2012,31
07/06/2012,30.76
08/06/2012,30.93
11/06/2012,30.12
12/06/2012,30.2
13/06/2012,30.63
14/06/2012,29
15/06/2012,28.91
18/06/2012,28.41
19/06/2012,28.37
20/06/2012,28.12
21/06/2012,27.14
22/06/2012,27.33
25/06/2012,26.83
26/06/2012,26.92
27/06/2012,26.83
28/06/2012,26.22
29/06/2012,26.64
02/07/2012,26.88
03/07/2012,27.1
05/07/2012,27.43
06/07/2012,27.41
09/07/2012,28.12
10/07/2012,28
11/07/2012,28.25
12/07/2012,28.52
13/07/2012,29.15
16/07/2012,28.8
17/07/2012,28.88
18/07/2012,29.29
19/07/2012,30.09
20/07/2012,29.21
23/07/2012,28.86
24/07/2012,28.6
25/07/2012,30.35
26/07/2012,31.3
27/07/2012,31.34
30/07/2012,30.86
31/07/2012,30.22
01/08/2012,30
02/08/2012,30.38
03/08/2012,32.58
06/08/2012,32.84
07/08/2012,32.77
08/08/2012,32.87
09/08/2012,33
10/08/2012,33.24
13/08/2012,31.77
14/08/2012,31.48
15/08/2012,31.74
16/08/2012,32.93
17/08/2012,32.62
20/08/2012,32.31
21/08/2012,32.31
22/08/2012,32.35
23/08/2012,31.69
24/08/2012,31.68
27/08/2012,31.98
28/08/2012,32.35
29/08/2012,32.68
30/08/2012,32.41
31/08/2012,32.57
04/09/2012,33.63
05/09/2012,34
06/09/2012,30.4
07/09/2012,28.89
10/09/2012,29.18
11/09/2012,29.81
12/09/2012,30.02
13/09/2012,30.16
14/09/2012,30.56
17/09/2012,30.55
18/09/2012,30.62
19/09/2012,31.33
20/09/2012,30.98
21/09/2012,30.86
24/09/2012,30.89
25/09/2012,32.38
26/09/2012,30.5
27/09/2012,31.58
28/09/2012,31.61
01/10/2012,31.36
02/10/2012,31.77
03/10/2012,31.29
04/10/2012,31.62
05/10/2012,31.79
08/10/2012,31.68
09/10/2012,31.22
10/10/2012,31.41
11/10/2012,31.59
12/10/2012,31.19
15/10/2012,31.64
16/10/2012,32
17/10/2012,31.89
18/10/2012,31.56
19/10/2012,30.9
22/10/2012,31.16
23/10/2012,31.06
24/10/2012,30.81
25/10/2012,30.77
26/10/2012,31
31/10/2012,31.24
01/11/2012,31.52
02/11/2012,31.03
05/11/2012,31.23
06/11/2012,31.59
07/11/2012,30.95
08/11/2012,30.77
09/11/2012,30.21
12/11/2012,29.97
13/11/2012,29.96
14/11/2012,29
15/11/2012,29
16/11/2012,29.52
19/11/2012,29.96
20/11/2012,29.73
21/11/2012,29.99
23/11/2012,30.31
26/11/2012,30.48
27/11/2012,30.34
28/11/2012,30.38
29/11/2012,30.7
30/11/2012,30.86
03/12/2012,30.66
04/12/2012,30.62
05/12/2012,32.8
06/12/2012,33.31
07/12/2012,32.48
10/12/2012,32.69
11/12/2012,32.28
12/12/2012,32.23
13/12/2012,32.22
14/12/2012,33.09
17/12/2012,33.53
18/12/2012,34.03
19/12/2012,34.31
20/12/2012,35.03
21/12/2012,34.94
24/12/2012,34.85
26/12/2012,35.28
27/12/2012,34.82
28/12/2012,34.9
31/12/2012,35.3
02/01/2013,36.23
03/01/2013,35.76
04/01/2013,34.96
07/01/2013,35.22
08/01/2013,35.33
09/01/2013,35.79
10/01/2013,35.35
11/01/2013,34.79
14/01/2013,35.41
15/01/2013,35.98
16/01/2013,35.76
17/01/2013,36.33
18/01/2013,37.25
22/01/2013,37.1
23/01/2013,37
24/01/2013,37.5
25/01/2013,37.69
28/01/2013,37.54
29/01/2013,37.99
30/01/2013,37.65
31/01/2013,37.81
01/02/2013,38.47
04/02/2013,37.76
05/02/2013,37.84
06/02/2013,37.93
07/02/2013,37.78
08/02/2013,38.01
11/02/2013,37.8
12/02/2013,37.91
13/02/2013,38.36
14/02/2013,40.26
15/02/2013,40.34
19/02/2013,41.85
20/02/2013,39.6
21/02/2013,38.93
22/02/2013,38.91
25/02/2013,38.86
26/02/2013,39.22
27/02/2013,39.11
28/02/2013,39.06
01/03/2013,39.06
04/03/2013,39.26
05/03/2013,39.98
06/03/2013,39.92
07/03/2013,39.22
08/03/2013,39.9
11/03/2013,39.56
12/03/2013,39.07
13/03/2013,38.9
14/03/2013,38.12
15/03/2013,38.29
18/03/2013,37.97
19/03/2013,37.19
20/03/2013,38.24
21/03/2013,38.19
22/03/2013,38.26
25/03/2013,36.99
26/03/2013,37.29
27/03/2013,37.48
28/03/2013,37.3
01/04/2013,37.28
02/04/2013,37.41
03/04/2013,37.09
04/04/2013,37.5
05/04/2013,37.53
08/04/2013,37.91
09/04/2013,37.81
10/04/2013,38.89
11/04/2013,38.49
12/04/2013,38.39
15/04/2013,37.8
16/04/2013,38.61
17/04/2013,39.03
18/04/2013,39
19/04/2013,39.62
22/04/2013,39.72
23/04/2013,39.97
24/04/2013,41.43
25/04/2013,42.51
26/04/2013,43
29/04/2013,42.25
30/04/2013,42.32
01/05/2013,42.04
02/05/2013,43.03
03/05/2013,43.15
06/05/2013,43.19
07/05/2013,43.6
08/05/2013,43.86
09/05/2013,43.78
10/05/2013,43.79
13/05/2013,43.98
14/05/2013,45.6
15/05/2013,45.77
16/05/2013,45.42
17/05/2013,46.11
20/05/2013,45.95
21/05/2013,45.26
22/05/2013,43.77
23/05/2013,44
24/05/2013,43.94
28/05/2013,44
29/05/2013,43.42
30/05/2013,43.96
31/05/2013,43.36
03/06/2013,43.54
04/06/2013,43.23
05/06/2013,43.23
06/06/2013,44.23
07/06/2013,44.62
10/06/2013,45.48
11/06/2013,45.55
12/06/2013,45.33
13/06/2013,47.47
14/06/2013,46.53
17/06/2013,46.78
18/06/2013,47.8
19/06/2013,46.94
20/06/2013,45.77
21/06/2013,46.71
24/06/2013,45.91
25/06/2013,46.02
26/06/2013,46.26
27/06/2013,47.29
28/06/2013,46.75
01/07/2013,48.04
02/07/2013,47.59
03/07/2013,49.65
05/07/2013,50.63
08/07/2013,50.72
09/07/2013,52.02
10/07/2013,51.02
11/07/2013,50.99
12/07/2013,50.78
15/07/2013,50.7
16/07/2013,51
17/07/2013,51
18/07/2013,51.85
19/07/2013,51.76
22/07/2013,53.31
23/07/2013,52.91
24/07/2013,54.04
25/07/2013,53.42
26/07/2013,52.46
29/07/2013,52.35
30/07/2013,52.24
31/07/2013,51.7
01/08/2013,53.07
02/08/2013,52.96
05/08/2013,52.93
06/08/2013,52.8
07/08/2013,52.3
08/08/2013,53.02
09/08/2013,52.94
12/08/2013,53.64
13/08/2013,53.73
14/08/2013,53.79
15/08/2013,51.96
16/08/2013,51.77
19/08/2013,51.44
20/08/2013,52.34
21/08/2013,52.13
22/08/2013,52.97
23/08/2013,53.39
26/08/2013,52.95
27/08/2013,52
28/08/2013,51.75
29/08/2013,51.93
30/08/2013,50.76
03/09/2013,52.62
04/09/2013,53.79
05/09/2013,53.8
06/09/2013,53.57
09/09/2013,54.03
10/09/2013,54.61
11/09/2013,54.47
12/09/2013,54.4
13/09/2013,54.86
16/09/2013,55.78
17/09/2013,56.79
18/09/2013,56.61
19/09/2013,56.88
20/09/2013,58.97
23/09/2013,60.07
24/09/2013,61.47
25/09/2013,59.99
26/09/2013,60.53
27/09/2013,60.05
30/09/2013,59.95
01/10/2013,61.72
02/10/2013,61.34
03/10/2013,61.38
04/10/2013,63
07/10/2013,62.82
08/10/2013,62.02
09/10/2013,62.84
10/10/2013,64.89
11/10/2013,65.47
14/10/2013,65.99
15/10/2013,65.74
16/10/2013,65.02
17/10/2013,65.2
18/10/2013,65.76
21/10/2013,65.66
22/10/2013,65.25
23/10/2013,65.03
24/10/2013,65.64
25/10/2013,65.59
28/10/2013,65.53
29/10/2013,65.9
30/10/2013,65.46
31/10/2013,65.23
01/11/2013,65.05
04/11/2013,65.65
05/11/2013,65.86
06/11/2013,65.92
07/11/2013,65.47
08/11/2013,65.97
11/11/2013,66.29
12/11/2013,66.31
13/11/2013,67.4
14/11/2013,67.64
15/11/2013,68.16
18/11/2013,68.98
19/11/2013,67.68
20/11/2013,68.2
21/11/2013,70.6
22/11/2013,70.35
25/11/2013,68.05
26/11/2013,68.02
27/11/2013,68.65
29/11/2013,70.37
02/12/2013,69.27
03/12/2013,67.71
04/12/2013,64.92
05/12/2013,64.45
06/12/2013,66.65
09/12/2013,65.77
10/12/2013,64.65
11/12/2013,63.63
12/12/2013,64.96
13/12/2013,64.56
16/12/2013,64.52
17/12/2013,63.92
18/12/2013,64.11
19/12/2013,63.43
20/12/2013,65.73
23/12/2013,66.25
24/12/2013,65.58
26/12/2013,66.61
27/12/2013,66.64
30/12/2013,66.01
31/12/2013,66.93
02/01/2014,65.4
03/01/2014,67.16
06/01/2014,65.11
07/01/2014,65.73
08/01/2014,64.33
09/01/2014,63.41
10/01/2014,63.84
13/01/2014,62.45
14/01/2014,63.49
15/01/2014,63.07
16/01/2014,62.98
17/01/2014,61.92
21/01/2014,63.32
22/01/2014,62.81
23/01/2014,62.14
24/01/2014,61.19
27/01/2014,59.77
28/01/2014,61.54
29/01/2014,60.24
30/01/2014,63.31
31/01/2014,62.74
03/02/2014,60.64
04/02/2014,61.83
05/02/2014,61.47
06/02/2014,61.15
07/02/2014,61.28
10/02/2014,60.34
11/02/2014,60.41
12/02/2014,59.96
13/02/2014,59.95
14/02/2014,59.71
18/02/2014,60.18
19/02/2014,59.06
20/02/2014,59.7
21/02/2014,59.37
24/02/2014,59.75
25/02/2014,58.9
26/02/2014,59.22
27/02/2014,59.06
28/02/2014,59.04
03/03/2014,59.39
04/03/2014,63.12
05/03/2014,63.76
06/03/2014,64.34
07/03/2014,64.51
10/03/2014,64.44
11/03/2014,62.71
12/03/2014,63.54
13/03/2014,62.83
14/03/2014,62.22
17/03/2014,63.44
18/03/2014,62.95
19/03/2014,62.32
20/03/2014,62.92
21/03/2014,62.17
24/03/2014,62.17
25/03/2014,61.63
26/03/2014,59.57
27/03/2014,58.72
28/03/2014,57.99
31/03/2014,59.22
01/04/2014,59.65
02/04/2014,59.3
03/04/2014,56.89
04/04/2014,55.04
07/04/2014,54.26
08/04/2014,54.48
09/04/2014,55
10/04/2014,54.45
11/04/2014,53.08
14/04/2014,53.74
15/04/2014,54.22
16/04/2014,55.13
17/04/2014,55.59
21/04/2014,55.99
22/04/2014,56.64
23/04/2014,55.02
24/04/2014,54.99
25/04/2014,54.75
28/04/2014,53.69
29/04/2014,53.28
30/04/2014,53.83
01/05/2014,54.64
02/05/2014,54.55
05/05/2014,54.73
06/05/2014,54.3
07/05/2014,54.47
08/05/2014,54.41
09/05/2014,54.48
12/05/2014,55.58
13/05/2014,54.66
14/05/2014,53.11
15/05/2014,52.89
16/05/2014,53.36
19/05/2014,54.43
20/05/2014,53.71
21/05/2014,54.05
22/05/2014,54.73
23/05/2014,55.02
27/05/2014,56.4
28/05/2014,55.31
29/05/2014,54.62
30/05/2014,53.35
02/06/2014,52.94
03/06/2014,50.3
04/06/2014,51.88
05/06/2014,52.64
06/06/2014,54.03
09/06/2014,54.33
10/06/2014,54.14
11/06/2014,53.45
12/06/2014,53.31
13/06/2014,54.37
16/06/2014,54.86
17/06/2014,55.26
18/06/2014,56.21
19/06/2014,55.5
20/06/2014,55.64
23/06/2014,56.02
24/06/2014,55.58
25/06/2014,55.51
26/06/2014,55.43
27/06/2014,55.3
30/06/2014,54.06
01/07/2014,53.69
02/07/2014,52.73
03/07/2014,51.9
07/07/2014,50.9
08/07/2014,49.97
09/07/2014,49.22
10/07/2014,48.05
11/07/2014,47.5
14/07/2014,48.5
15/07/2014,48.23
16/07/2014,48.11
17/07/2014,48.58
18/07/2014,49.61
21/07/2014,50.1
22/07/2014,50.37
23/07/2014,53.91
24/07/2014,56.43
25/07/2014,55.99
28/07/2014,55.98
29/07/2014,56.38
30/07/2014,56.95
31/07/2014,56.23
01/08/2014,55.85
04/08/2014,56.29
05/08/2014,55.93
06/08/2014,56.65
07/08/2014,55.59
08/08/2014,55.37
11/08/2014,57.3
12/08/2014,56.47
13/08/2014,56.58
14/08/2014,56.81
15/08/2014,57.3
18/08/2014,58.23
19/08/2014,58.2
20/08/2014,58.13
21/08/2014,57.76
22/08/2014,57.97
25/08/2014,59.62
26/08/2014,59.52
27/08/2014,59.31
28/08/2014,58.64
29/08/2014,58.92
02/09/2014,59.55
03/09/2014,60.02
04/09/2014,58.41
05/09/2014,59.3
08/09/2014,59.78
09/09/2014,59.87
10/09/2014,59.98
11/09/2014,59.26
12/09/2014,59.06
15/09/2014,58.01
16/09/2014,58.59
17/09/2014,58.81
18/09/2014,61.63
19/09/2014,61.75
22/09/2014,60.54
23/09/2014,59.3
24/09/2014,60.7
25/09/2014,60.05
26/09/2014,61.39
29/09/2014,62.05
30/09/2014,61.86
01/10/2014,61.85
02/10/2014,61.78
03/10/2014,62.45
06/10/2014,62.7
07/10/2014,62
08/10/2014,62.71
09/10/2014,62.15
10/10/2014,62.53
13/10/2014,62.56
14/10/2014,63.09
15/10/2014,64.61
16/10/2014,63.78
17/10/2014,62.86
20/10/2014,63.95
21/10/2014,65.63
22/10/2014,61.15
23/10/2014,61.25
24/10/2014,62.15
27/10/2014,63.11
28/10/2014,64.04
29/10/2014,63.99
30/10/2014,64.23
31/10/2014,64.65
03/11/2014,64.57
04/11/2014,64.97
05/11/2014,65.75
06/11/2014,65.63
07/11/2014,65.36
10/11/2014,64.95
11/11/2014,65.26
12/11/2014,65.91
13/11/2014,66.07
14/11/2014,65.45
17/11/2014,63.73
18/11/2014,63.39
19/11/2014,63.02
20/11/2014,63.94
21/11/2014,62.74
24/11/2014,64.3
25/11/2014,64.01
26/11/2014,64.87
28/11/2014,65.57
01/12/2014,64.21
02/12/2014,65.26
03/12/2014,66.69
04/12/2014,67.37
05/12/2014,68.1
08/12/2014,67.99
09/12/2014,69.35
10/12/2014,68.9
11/12/2014,69.79
12/12/2014,68.45
15/12/2014,68.5
16/12/2014,68.6
17/12/2014,70.06
18/12/2014,72.23
19/12/2014,71.54
22/12/2014,71.63
23/12/2014,72.29
24/12/2014,72.3
26/12/2014,73.25
29/12/2014,72.23
30/12/2014,71.99
31/12/2014,71.71
02/01/2015,70.35
05/01/2015,68.99
06/01/2015,67.66
07/01/2015,68.27
08/01/2015,71.7
09/01/2015,71.51
12/01/2015,70.99
13/01/2015,72.61
14/01/2015,72.96
15/01/2015,70.6
16/01/2015,72.41
20/01/2015,72.16
21/01/2015,71.55
22/01/2015,74.44
23/01/2015,74.02
26/01/2015,74.36
27/01/2015,74.15
28/01/2015,73.26
29/01/2015,75.95
30/01/2015,75.97
02/02/2015,75.08
03/02/2015,75.95
04/02/2015,77.98
05/02/2015,80.41
06/02/2015,81.68
09/02/2015,80.07
10/02/2015,80.52
11/02/2015,80.92
12/02/2015,81.88
13/02/2015,81.22
17/02/2015,79.74
18/02/2015,80.52
19/02/2015,79.56
20/02/2015,78.97
23/02/2015,80.07
24/02/2015,80.1
25/02/2015,79.83
26/02/2015,80.93
27/02/2015,79.59
02/03/2015,80.86
03/03/2015,80.27
04/03/2015,83.79
05/03/2015,86.01
06/03/2015,84.21
09/03/2015,85.27
10/03/2015,84.56
11/03/2015,85.71
12/03/2015,86
13/03/2015,85.5
16/03/2015,86.03
17/03/2015,86.67
18/03/2015,86.9
19/03/2015,87.31
20/03/2015,88.8
23/03/2015,86.93
24/03/2015,85.81
25/03/2015,83.09
26/03/2015,83.49
27/03/2015,83.98
30/03/2015,86.47
31/03/2015,82.9
01/04/2015,82.87
02/04/2015,84.52
06/04/2015,85.43
07/04/2015,86.01
08/04/2015,87.5
09/04/2015,87.27
10/04/2015,88.07
13/04/2015,88.15
14/04/2015,89.3
15/04/2015,88.57
16/04/2015,89.79
17/04/2015,87.31
20/04/2015,88.72
21/04/2015,90.01
22/04/2015,88.66
23/04/2015,88.7
24/04/2015,87.93
27/04/2015,87.84
28/04/2015,89.84
29/04/2015,89.06
30/04/2015,85.85
01/05/2015,84.96
04/05/2015,84.98
05/05/2015,83.3
06/05/2015,83.9
07/05/2015,85.02
08/05/2015,84.67
11/05/2015,86.07
12/05/2015,86.02
13/05/2015,86.07
14/05/2015,87.27
15/05/2015,87.49
18/05/2015,89.1
19/05/2015,88.68
20/05/2015,88.36
21/05/2015,88
22/05/2015,87.72
26/05/2015,86.56
27/05/2015,89.23
28/05/2015,89.02
29/05/2015,88.45
01/06/2015,88.96
02/06/2015,88.49
03/06/2015,87.89
04/06/2015,86.49
05/06/2015,86.65
08/06/2015,86.28
09/06/2015,85.39
10/06/2015,86.57
11/06/2015,86.68
12/06/2015,86.31
15/06/2015,86.99
16/06/2015,87.3
17/06/2015,88.71
18/06/2015,89.21
19/06/2015,91.51
22/06/2015,95.27
23/06/2015,96.2
24/06/2015,97.25
25/06/2015,97.34
26/06/2015,96.86
29/06/2015,92.32
30/06/2015,92.77
01/07/2015,94.76
02/07/2015,94.49
06/07/2015,96.87
07/07/2015,97.47
08/07/2015,97.78
09/07/2015,99.62
10/07/2015,103.28
13/07/2015,101.74
14/07/2015,100.91
15/07/2015,99.88
16/07/2015,101.5
17/07/2015,101.31
20/07/2015,100.94
21/07/2015,100.22
22/07/2015,97.95
23/07/2015,97.95
24/07/2015,96.54
27/07/2015,97.95
28/07/2015,97.66
29/07/2015,98.16
30/07/2015,97.07
31/07/2015,97.8
03/08/2015,97.92
04/08/2015,96.96
05/08/2015,99.25
06/08/2015,97.93
07/08/2015,97.57
10/08/2015,97.41
11/08/2015,96.16
12/08/2015,95.37
13/08/2015,94.54
14/08/2015,96.38
17/08/2015,97.53
18/08/2015,97.49
19/08/2015,98.06
20/08/2015,96.57
21/08/2015,93.96
24/08/2015,89.61
25/08/2015,88.91
26/08/2015,90.97
27/08/2015,91.83
28/08/2015,91.45
31/08/2015,90.42
01/09/2015,91.71
02/09/2015,96.63
03/09/2015,96.2
04/09/2015,94.85
08/09/2015,96.5
09/09/2015,96.62
10/09/2015,97.14
11/09/2015,97.35
14/09/2015,96.96
15/09/2015,97.3
16/09/2015,97.5
17/09/2015,96.5
18/09/2015,96.32
21/09/2015,97.04
22/09/2015,95.92
23/09/2015,98.99
24/09/2015,97.15
25/09/2015,99.52
28/09/2015,94.7
29/09/2015,90.82
30/09/2015,92.88
01/10/2015,94.02
02/10/2015,95.01
05/10/2015,96.93
06/10/2015,93.33
07/10/2015,94.84
08/10/2015,95.5
09/10/2015,94.7
12/10/2015,96.96
13/10/2015,94.56
14/10/2015,94.24
15/10/2015,96.5
16/10/2015,96.73
19/10/2015,95.94
20/10/2015,96.1
21/10/2015,86.86
22/10/2015,89.55
23/10/2015,90.01
26/10/2015,95.86
27/10/2015,95.26
28/10/2015,100.2
29/10/2015,102.89
30/10/2015,101.31
02/11/2015,99
03/11/2015,98.88
04/11/2015,98.55
05/11/2015,98.98
06/11/2015,99.82
09/11/2015,99.16
10/11/2015,99.97
11/11/2015,101.18
12/11/2015,100.01
13/11/2015,98.58
16/11/2015,100.75
17/11/2015,101.73
18/11/2015,103.61
19/11/2015,103.49
20/11/2015,106.68
23/11/2015,107.35
24/11/2015,105.2
25/11/2015,106
27/11/2015,107.66
30/11/2015,106.78
01/12/2015,106.7
02/12/2015,106.44
03/12/2015,109.5
04/12/2015,113.88
07/12/2015,113.56
08/12/2015,112.92
09/12/2015,109.51
10/12/2015,109.18
11/12/2015,106.65
14/12/2015,108.27
15/12/2015,108
16/12/2015,109.22
17/12/2015,107.92
18/12/2015,104.88
21/12/2015,105.62
22/12/2015,104.8
23/12/2015,104.76
24/12/2015,111.13
28/12/2015,112.7
29/12/2015,114.24
30/12/2015,112.96
31/12/2015,111.59
04/01/2016,109.28
05/01/2016,110.09
06/01/2016,108.76
07/01/2016,107.06
08/01/2016,105.73
11/01/2016,106.52
12/01/2016,106.28
13/01/2016,102.9
14/01/2016,104.44
15/01/2016,101.77
19/01/2016,102.38
20/01/2016,103.31
21/01/2016,101.91
22/01/2016,103.3
25/01/2016,101.97
26/01/2016,104.38
27/01/2016,108.28
28/01/2016,111.97
29/01/2016,116.23
01/02/2016,115.76
02/02/2016,114.63
03/02/2016,113.84
04/02/2016,111.51
05/02/2016,106.6
08/02/2016,105.34
09/02/2016,106.98
10/02/2016,105.29
11/02/2016,106.12
12/02/2016,108.82
16/02/2016,110.79
17/02/2016,114.15
18/02/2016,111.91
19/02/2016,114.13
22/02/2016,111.25
23/02/2016,115.25
24/02/2016,116
25/02/2016,119.25
26/02/2016,119.9
29/02/2016,118.46
01/03/2016,118.31
02/03/2016,119.96
03/03/2016,120.76
04/03/2016,126.29
07/03/2016,122.03
08/03/2016,123.79
09/03/2016,122.6
10/03/2016,125.93
11/03/2016,124.93
14/03/2016,124.18
15/03/2016,123.07
16/03/2016,123.1
17/03/2016,123.68
18/03/2016,124.35
21/03/2016,122.35
22/03/2016,121.97
23/03/2016,121.15
24/03/2016,120.2
28/03/2016,121.01
29/03/2016,123.86
30/03/2016,123.62
31/03/2016,124.83
01/04/2016,128.58
04/04/2016,126.51
05/04/2016,123.11
06/04/2016,125.39
07/04/2016,124
08/04/2016,123.01
11/04/2016,121.55
12/04/2016,121.87
13/04/2016,125
14/04/2016,125.69
15/04/2016,124.68
18/04/2016,124.45
19/04/2016,126.18
20/04/2016,129.11
21/04/2016,128.24
22/04/2016,129.46
25/04/2016,128.58
26/04/2016,129.4
27/04/2016,125.71
28/04/2016,123.75
29/04/2016,122.76
02/05/2016,123.31
03/05/2016,120.86
04/05/2016,122.73
05/05/2016,124.41
06/05/2016,125.46
09/05/2016,127.29
10/05/2016,127.12
11/05/2016,128.71
12/05/2016,131.92
13/05/2016,130.6
16/05/2016,132.6
17/05/2016,131.24
18/05/2016,133.42
19/05/2016,133.14
20/05/2016,134.43
23/05/2016,134.37
24/05/2016,138.47
25/05/2016,140
26/05/2016,138.76
27/05/2016,140.58
31/05/2016,139.94
01/06/2016,140.65
02/06/2016,141.45
03/06/2016,141.7
06/06/2016,143.25
07/06/2016,141.75
08/06/2016,143.55
09/06/2016,142.23
10/06/2016,141.84
13/06/2016,142.07
14/06/2016,141.49
15/06/2016,141.6
16/06/2016,142.52
17/06/2016,140.48
20/06/2016,140.95
21/06/2016,138.73
22/06/2016,139.24
23/06/2016,144.13
24/06/2016,139.18
27/06/2016,135.87
28/06/2016,141.26
29/06/2016,142.02
30/06/2016,145.4
01/07/2016,143.59
05/07/2016,144.59
06/07/2016,150.03
07/07/2016,149.27
08/07/2016,151.72
11/07/2016,150.81
12/07/2016,151.08
13/07/2016,150.7
14/07/2016,151.51
15/07/2016,151.41
18/07/2016,149.97
19/07/2016,152.03
20/07/2016,152.05
21/07/2016,151.38
22/07/2016,152.74
25/07/2016,153.47
26/07/2016,153.71
27/07/2016,153.8
28/07/2016,159.76
29/07/2016,161.66
01/08/2016,161.47
02/08/2016,161.83
03/08/2016,161.74
04/08/2016,162.41
05/08/2016,162.83
08/08/2016,161.77
09/08/2016,161.44
10/08/2016,162.11
11/08/2016,161.99
12/08/2016,162.22
15/08/2016,164.49
16/08/2016,163.06
17/08/2016,164.62
18/08/2016,166.89
19/08/2016,166.71
22/08/2016,165.26
23/08/2016,164.83
24/08/2016,165.37
25/08/2016,165.95
26/08/2016,166.16
29/08/2016,167.81
30/08/2016,168.94
31/08/2016,168.54
01/09/2016,169.53
02/09/2016,172.54
06/09/2016,168.88
07/09/2016,169.02
08/09/2016,168.72
09/09/2016,171.38
12/09/2016,172.02
13/09/2016,169.51
14/09/2016,169.52
15/09/2016,173.34
16/09/2016,172.76
19/09/2016,170.74
20/09/2016,172.83
21/09/2016,173.34
22/09/2016,172.84
23/09/2016,170.75
26/09/2016,167.88
27/09/2016,170.27
28/09/2016,171.01
29/09/2016,166.14
30/09/2016,165.59
03/10/2016,164.16
04/10/2016,162.2
05/10/2016,161.29
06/10/2016,160.34
07/10/2016,159.19
10/10/2016,158.82
11/10/2016,156.89
12/10/2016,157.22
13/10/2016,154.96
14/10/2016,154.22
17/10/2016,152.29
18/10/2016,154.75
19/10/2016,153.34
20/10/2016,151.4
21/10/2016,152.22
24/10/2016,153.26
25/10/2016,152.22
26/10/2016,153.15
27/10/2016,150.64
28/10/2016,150.13
31/10/2016,150.76
01/11/2016,148.31
02/11/2016,147.69
03/11/2016,147.8
04/11/2016,150.47
07/11/2016,153.12
08/11/2016,155.21
09/11/2016,161.25
10/11/2016,159.91
11/11/2016,161.92
14/11/2016,165.61
15/11/2016,163.61
16/11/2016,165.83
17/11/2016,171.02
18/11/2016,169.46
21/11/2016,170.09
22/11/2016,169.38
23/11/2016,168.46
25/11/2016,169.62
28/11/2016,169.15
29/11/2016,168.96
30/11/2016,165.77
01/12/2016,162.9
02/12/2016,161.9
05/12/2016,164.06
06/12/2016,166.38
07/12/2016,163.47
08/12/2016,164.94
09/12/2016,166.97
12/12/2016,168.19
13/12/2016,168.93
14/12/2016,164.52
15/12/2016,167.12
16/12/2016,162.39
19/12/2016,160.65
20/12/2016,157.06
21/12/2016,153.67
22/12/2016,150.2
23/12/2016,149.42
27/12/2016,149.49
28/12/2016,148.43
29/12/2016,145.53
30/12/2016,146.92
03/01/2017,150.18
04/01/2017,152.92
05/01/2017,152.71
06/01/2017,157.15
09/01/2017,156.79
10/01/2017,156.06
11/01/2017,156.99
12/01/2017,156.35
13/01/2017,156.85
17/01/2017,155.51
18/01/2017,156.51
19/01/2017,155.23
20/01/2017,156.89
23/01/2017,155.39
24/01/2017,158.36
25/01/2017,175.99
26/01/2017,180.41
27/01/2017,179.82
30/01/2017,181.34
31/01/2017,187.25
01/02/2017,188.14
02/02/2017,188.1
03/02/2017,191.27
06/02/2017,190.28
07/02/2017,189.34
08/02/2017,187.47
09/02/2017,188.33
10/02/2017,186.82
13/02/2017,189.8
14/02/2017,190.07
15/02/2017,191.69
16/02/2017,191.68
17/02/2017,193.08
21/02/2017,192.74
22/02/2017,195.02
23/02/2017,194.85
24/02/2017,196.18
27/02/2017,194.99
28/02/2017,195.23
01/03/2017,197.74
02/03/2017,191.95
03/03/2017,193.85
06/03/2017,192.8
07/03/2017,192.54
08/03/2017,190.97
09/03/2017,192.11
10/03/2017,191.5
13/03/2017,191.68
14/03/2017,191.24
15/03/2017,191.12
16/03/2017,190.78
17/03/2017,190.05
20/03/2017,189.83
21/03/2017,184.43
22/03/2017,187.95
23/03/2017,187
24/03/2017,187.7
27/03/2017,184.99
28/03/2017,185.91
29/03/2017,185.11
30/03/2017,185.94
31/03/2017,187.49
03/04/2017,187.15
04/04/2017,185.87
05/04/2017,180.1
06/04/2017,181.54
07/04/2017,182.73
10/04/2017,183.26
11/04/2017,182.94
12/04/2017,180.82
13/04/2017,178.07
17/04/2017,182.7
18/04/2017,183.06
19/04/2017,182.99
20/04/2017,185.3
21/04/2017,184.6
24/04/2017,185.61
25/04/2017,184.67
26/04/2017,194.55
27/04/2017,195.88
28/04/2017,192.52
01/05/2017,192.12
02/05/2017,189.37
03/05/2017,186.84
04/05/2017,186.5
05/05/2017,187.84
08/05/2017,186.01
09/05/2017,186.54
10/05/2017,188.16
11/05/2017,188.33
12/05/2017,186.39
15/05/2017,188.39
16/05/2017,184.72
17/05/2017,182.34
18/05/2017,182.05
19/05/2017,186.4
22/05/2017,185.4
23/05/2017,188
24/05/2017,191.68
25/05/2017,195.56
26/05/2017,194.17
30/05/2017,191.21
31/05/2017,190.58
01/06/2017,191.97
02/06/2017,191.6
05/06/2017,190.5
06/06/2017,187.99
07/06/2017,194.75
08/06/2017,199.33
09/06/2017,201.94
12/06/2017,204.34
13/06/2017,206.15
14/06/2017,206.76
15/06/2017,207.34
16/06/2017,205.68
19/06/2017,207.93
20/06/2017,207.44
21/06/2017,202.45
22/06/2017,201.77
23/06/2017,201.39
26/06/2017,200.85
27/06/2017,197.64
28/06/2017,201.76
29/06/2017,203.52
30/06/2017,201.1
03/07/2017,203.39
05/07/2017,205.75
06/07/2017,193.38
07/07/2017,194.04
10/07/2017,194.99
11/07/2017,193.24
12/07/2017,193.75
13/07/2017,194.17
14/07/2017,190.41
17/07/2017,190.45
18/07/2017,192.59
19/07/2017,194.62
20/07/2017,194.68
21/07/2017,194.92
24/07/2017,196.75
25/07/2017,199.48
26/07/2017,205.15
27/07/2017,205.52
28/07/2017,207.84
31/07/2017,202.89
01/08/2017,204.22
02/08/2017,205.57
03/08/2017,205.07
04/08/2017,206.01
07/08/2017,201.89
08/08/2017,197.43
09/08/2017,199.05
10/08/2017,195.41
11/08/2017,192.46
14/08/2017,193.26
15/08/2017,192.49
16/08/2017,192.98
17/08/2017,192.03
18/08/2017,188.71
21/08/2017,191.59
22/08/2017,193.34
23/08/2017,194.09
24/08/2017,190.61
25/08/2017,190.6
28/08/2017,189.92
29/08/2017,188.87
30/08/2017,191.4
31/08/2017,192.95
01/09/2017,188.98
05/09/2017,187.47
06/09/2017,176.58
07/09/2017,176.22
08/09/2017,178.38
11/09/2017,179.81
12/09/2017,180.08
13/09/2017,180.77
14/09/2017,181.21
15/09/2017,179.18
18/09/2017,180.43
19/09/2017,179.98
20/09/2017,181.33
21/09/2017,179.51
22/09/2017,182.5
25/09/2017,178.5
26/09/2017,176.2
27/09/2017,178.85
28/09/2017,182.91
29/09/2017,184.51
02/10/2017,185.79
03/10/2017,185.07
04/10/2017,184.04
05/10/2017,186.64
06/10/2017,187.45
09/10/2017,189.37
10/10/2017,187.65
11/10/2017,191.71
12/10/2017,190.17
13/10/2017,191.28
16/10/2017,192.39
17/10/2017,191.39
18/10/2017,193.48
19/10/2017,188.67
20/10/2017,190.26
23/10/2017,191.24
24/10/2017,190.08
25/10/2017,179.68
26/10/2017,179.43
27/10/2017,175.59
30/10/2017,173.05
31/10/2017,174
01/11/2017,175.73
02/11/2017,176.5
03/11/2017,177
06/11/2017,179.95
07/11/2017,178.01
08/11/2017,178.75
09/11/2017,174.5
10/11/2017,173.49
13/11/2017,174.52
14/11/2017,173.94
15/11/2017,177.82
16/11/2017,176.25
17/11/2017,180.4
20/11/2017,183.29
21/11/2017,188.41
22/11/2017,187.98
24/11/2017,188.47
27/11/2017,188.56
28/11/2017,193.43
29/11/2017,196.04
30/11/2017,195.27
01/12/2017,195.35
04/12/2017,197.19
05/12/2017,196.09
06/12/2017,197.03
07/12/2017,195.6
08/12/2017,196
11/12/2017,196.82
12/12/2017,197.21
13/12/2017,196.25
14/12/2017,195.07
15/12/2017,193.85
18/12/2017,199.36
19/12/2017,202.1
20/12/2017,202.91
21/12/2017,201.72
22/12/2017,201.75
26/12/2017,201.02
27/12/2017,201
28/12/2017,201.81
29/12/2017,201.75
02/01/2018,203.63
03/01/2018,200.94
04/01/2018,206.54
05/01/2018,207.23
08/01/2018,207.41
09/01/2018,204.56
10/01/2018,206.38
11/01/2018,201.52
12/01/2018,203.72
16/01/2018,206.46
17/01/2018,207.37
18/01/2018,207.86
19/01/2018,208.39
22/01/2018,201.26
23/01/2018,195.98
24/01/2018,195.74
25/01/2018,193.58
26/01/2018,193.49
29/01/2018,190.79
30/01/2018,191.85
31/01/2018,196.21
01/02/2018,195.6
02/02/2018,196.29
05/02/2018,197.13
06/02/2018,195.26
07/02/2018,195.01
08/02/2018,189.02
09/02/2018,189.16
12/02/2018,191.5
13/02/2018,193.3
14/02/2018,197.6
15/02/2018,198.9
16/02/2018,201.4
20/02/2018,200.12
21/02/2018,201.99
22/02/2018,199.4
23/02/2018,197.68
26/02/2018,199.67
27/02/2018,201.01
28/02/2018,202.4
01/03/2018,205.6
02/03/2018,202.88
05/03/2018,209.2
06/03/2018,211.47
07/03/2018,212.48
08/03/2018,216.73
09/03/2018,218.88
12/03/2018,223.15
13/03/2018,223.97
14/03/2018,223.57
15/03/2018,224.09
16/03/2018,224.59
19/03/2018,222.75
20/03/2018,224.22
21/03/2018,223.37
22/03/2018,221.24
23/03/2018,219.54
26/03/2018,221.71
27/03/2018,217.28
28/03/2018,212.98
29/03/2018,217.44
02/04/2018,212.27
03/04/2018,213.41
04/04/2018,212.24
05/04/2018,208.44
06/04/2018,206.68
09/04/2018,207.81
10/04/2018,206.38
11/04/2018,205.85
12/04/2018,203.48
13/04/2018,202.07
16/04/2018,204.4
17/04/2018,205.99
18/04/2018,203.09
19/04/2018,202.67
20/04/2018,202.5
23/04/2018,202.06
24/04/2018,200.88
25/04/2018,199.29
26/04/2018,199.48
27/04/2018,199.26
30/04/2018,198.63
01/05/2018,201.52
02/05/2018,202.02
03/05/2018,199
04/05/2018,201.74
07/05/2018,204.02
08/05/2018,203.3
09/05/2018,205.75
10/05/2018,204.61
11/05/2018,205.73
14/05/2018,199.63
15/05/2018,201.32
16/05/2018,202.24
17/05/2018,202.82
18/05/2018,204.72
21/05/2018,210.59
22/05/2018,210.31
23/05/2018,210.01
24/05/2018,211.83
25/05/2018,210.55
29/05/2018,210.94
30/05/2018,216.15
31/05/2018,213.65
01/06/2018,216.85
04/06/2018,217.95
05/06/2018,208.7
06/06/2018,211.27
07/06/2018,212.45
08/06/2018,214.89
11/06/2018,218.14
12/06/2018,215.47
13/06/2018,216.72
14/06/2018,217.31
15/06/2018,215.11
18/06/2018,213.87
19/06/2018,214.33
20/06/2018,213.04
21/06/2018,211.69
22/06/2018,211
25/06/2018,205.42
26/06/2018,202.71
27/06/2018,200.31
28/06/2018,202.65
29/06/2018,197.86
02/07/2018,200.72
03/07/2018,199.6
05/07/2018,199.79
06/07/2018,202.55
09/07/2018,202.8
10/07/2018,201.63
11/07/2018,204.11
12/07/2018,206.59
13/07/2018,205.86
16/07/2018,205.98
17/07/2018,207.59
18/07/2018,209.76
19/07/2018,208.91
20/07/2018,210.22
23/07/2018,210.51
24/07/2018,209.6
25/07/2018,202.91
26/07/2018,200.37
27/07/2018,198.6
30/07/2018,192.21
31/07/2018,193.77
01/08/2018,193.53
02/08/2018,190.81
03/08/2018,189.64
06/08/2018,189.68
07/08/2018,189.44
08/08/2018,186.23
09/08/2018,185.98
10/08/2018,186.47
13/08/2018,185.96
14/08/2018,186.44
15/08/2018,187.24
16/08/2018,187.97
17/08/2018,189.08
20/08/2018,190.02
21/08/2018,190.67
22/08/2018,190.74
23/08/2018,189.18
24/08/2018,187.38
27/08/2018,187.22
28/08/2018,188.52
29/08/2018,190.04
30/08/2018,189.98
31/08/2018,189.82
04/09/2018,194.38
05/09/2018,191.19
06/09/2018,184.17
07/09/2018,186.96
10/09/2018,182.99
11/09/2018,184.37
12/09/2018,184.09
13/09/2018,183.3
14/09/2018,183.45
17/09/2018,179.79
18/09/2018,181.64
19/09/2018,182.62
20/09/2018,183.24
21/09/2018,181.86
24/09/2018,184.18
25/09/2018,181.62
26/09/2018,179.19
27/09/2018,178.17
28/09/2018,178.49
01/10/2018,173.89
02/10/2018,178.1
03/10/2018,183.14
04/10/2018,191.53
05/10/2018,189.54
08/10/2018,186.06
09/10/2018,188.69
10/10/2018,186.81
11/10/2018,185.2
12/10/2018,187.5
15/10/2018,189.73
16/10/2018,193.6
17/10/2018,196.07
18/10/2018,194.72
19/10/2018,197.43
22/10/2018,196.34
23/10/2018,192.87
24/10/2018,208.93
25/10/2018,210.65
26/10/2018,207.76
29/10/2018,209.04
30/10/2018,217.26
31/10/2018,209.67
01/11/2018,208.59
02/11/2018,213.79
05/11/2018,207.09
06/11/2018,207.26
07/11/2018,208.08
08/11/2018,206.22
09/11/2018,208.48
12/11/2018,207.4
13/11/2018,207.79
14/11/2018,210.09
15/11/2018,210.03
16/11/2018,213.47
19/11/2018,214.65
20/11/2018,217.03
21/11/2018,214.89
23/11/2018,213.5
26/11/2018,215.11
27/11/2018,217.83
28/11/2018,216
29/11/2018,215.05
30/11/2018,217.73
03/12/2018,219.29
04/12/2018,221.99
06/12/2018,221.91
07/12/2018,224.73
10/12/2018,226.4
11/12/2018,228.69
12/12/2018,228.27
13/12/2018,229.34
14/12/2018,226.5
17/12/2018,219.36
18/12/2018,213.37
19/12/2018,213.05
20/12/2018,209.38
21/12/2018,204.85
24/12/2018,199.33
26/12/2018,204.47
27/12/2018,205.85
28/12/2018,207.55
31/12/2018,211.31